category,groups,n,h_statistic,p_value,epsilon_squared,p_value_adj
type,14,125528,32252.99677342457,0.0,0.2568637504455644,0.0
district,17,125755,24968.706027574426,0.0,0.19844999942399613,0.0
energy_certificate,10,126170,28311.2472245469,0.0,0.22433613843172875,0.0
property_age_group,5,83118,11438.209354982837,0.0,0.1375742585995312,0.0
